Cand_Name,Cand_Office,Cand_Office_St,Cand_Party_Affiliation,Cand_Incumbent_Challenger_Open_Seat,Query_Name
"HILL, SID",S,AK,MPA/IND,CHALLENGER,SID HILL
"FISHER, JASON E",S,AL,DEM,CHALLENGER,JASON FISHER
"NANA, CHARLES",S,AL,DEM,CHALLENGER,CHARLES NANA
"CALDWELL, VANN",S,AL,DEM,CHALLENGER,VANN CALDWELL
"JONES, DOUG",S,AL,DEM,INCUMBENT,DOUG JONES
"KENNEDY, ROBERT JR",S,AL,DEM,CHALLENGER,ROBERT KENNEDY
"HANSEN, LEWIS MICHAEL JR",S,AL,DEM,CHALLENGER,LEWIS HANSEN
"MCGEE, BRIAN JAMES",S,AL,DEM,CHALLENGER,BRIAN MCGEE
"BOYD JR, WILLIE 'WILL'  EUGENE",S,AL,DEM,CHALLENGER,WILLIE BOYD JR
"MCBRIDE, ARLESTER (MAC)",S,AL,MPA/IND,CHALLENGER,ARLESTER MCBRIDE
"BUSBY, GERALD LEE",S,AL,MPA/IND,CHALLENGER,GERALD BUSBY
"KIRTDOLL, EULAS DEVLIN SR",S,AL,MPA/IND,CHALLENGER,EULAS KIRTDOLL
"CRUTCHER, CHANDA MILLS",S,AL,MPA/IND,CHALLENGER,CHANDA CRUTCHER
"HENRY, WILLIAM ED",S,AL,REP,CHALLENGER,WILLIAM HENRY
"MAXWELL, MARY BERNADETTE",S,AL,REP,CHALLENGER,MARY MAXWELL
"BRINSON, R RANDOLPH RANDY MD",S,AL,REP,CHALLENGER,R BRINSON
"BERETTA, JAMES P",S,AL,REP,CHALLENGER,JAMES BERETTA
"STRANGE, LUTHER J III",S,AL,REP,INCUMBENT,LUTHER STRANGE
"PITTMAN, LEE DAVIDSON MARBURY",S,AL,REP,CHALLENGER,LEE PITTMAN
"GENTILE, DOMINIC",S,AL,REP,CHALLENGER,DOMINIC GENTILE
"BREAULT, JOSEPH F.",S,AL,REP,CHALLENGER,JOSEPH BREAULT
"PEEPLES, BRYAN",S,AL,REP,CHALLENGER,BRYAN PEEPLES
"MOORE, ROY JUDGE",S,AL,REP,CHALLENGER,ROY MOORE
"BISHOP, RONALD HUBERT  JR MR",S,AL,MPA/IND,CHALLENGER,RONALD BISHOP
"MOSS, JIM",S,AZ,DEM,OPEN,JIM MOSS
"BISHOP, ROBERT BOB GRIMES",S,AZ,DEM,OPEN,ROBERT BISHOP
"FOWLER, CHERYL 'CHE' R",S,AZ,DEM,OPEN,CHERYL FOWLER
"ABBOUD, DEEDRA",S,AZ,DEM,OPEN,DEEDRA ABBOUD
"RUBEN, DAVID ALAN",S,AZ,DEM,OPEN,DAVID RUBEN
"JETTE, MATT DR",S,AZ,DEM,OPEN,MATT JETTE
"RUSSELL, DALE CHRISTOPHER",S,AZ,DEM,OPEN,DALE RUSSELL
"SINEMA, KYRSTEN",S,AZ,DEM,OPEN,KYRSTEN SINEMA
"REYES-AGUIRRE, EVE",S,AZ,MPA/IND,OPEN,EVE REYES-AGUIRRE
"MARKS, DOUG",S,AZ,MPA/IND,OPEN,DOUG MARKS
"BRITTAIN, CRAIG R",S,AZ,REP,OPEN,CRAIG BRITTAIN
"GRIFFIN, MICHELLE MARIE DR PHD",S,AZ,REP,OPEN,MICHELLE GRIFFIN
"DIEGEL, CHRISTIAN",S,AZ,REP,OPEN,CHRISTIAN DIEGEL
"ARPAIO, JOE",S,AZ,REP,OPEN,JOE ARPAIO
"TUTORA, NICHOLAS",S,AZ,REP,OPEN,NICHOLAS TUTORA
"REDD, SHAWN",S,AZ,REP,OPEN,SHAWN REDD
"WARD, KELLI",S,AZ,REP,OPEN,KELLI WARD
"PAULUS, GE",S,AZ,REP,OPEN,GE PAULUS
"MCSALLY, MARTHA",S,AZ,REP,OPEN,MARTHA MCSALLY
"DE LEON, KEVIN",S,CA,DEM,CHALLENGER,KEVIN DE LEON
"MELENDEZ, JOHN",S,CA,DEM,CHALLENGER,JOHN MELENDEZ
"BRENNAN, CHRISTOPHER",S,CA,DEM,CHALLENGER,CHRISTOPHER BRENNAN
"STOKES, STEVE",S,CA,DEM,CHALLENGER,STEVE STOKES
"HARTSON, ALISON",S,CA,DEM,CHALLENGER,ALISON HARTSON
"HILDEBRAND, DAVID",S,CA,DEM,CHALLENGER,DAVID HILDEBRAND
"PIERCE, DOUGLAS HOWARD",S,CA,DEM,CHALLENGER,DOUGLAS PIERCE
"FEINSTEIN, DIANNE",S,CA,DEM,INCUMBENT,DIANNE FEINSTEIN
"HARRIS, EUGENE PATTERSON",S,CA,DEM,CHALLENGER,EUGENE HARRIS
"PETERS , HERBERT G.",S,CA,DEM,CHALLENGER,HERBERT PETERS 
"EDWARDS, ADRIENNE NICOLE",S,CA,DEM,CHALLENGER,ADRIENNE EDWARDS
"PLUMMER, GERALD",S,CA,DEM,CHALLENGER,GERALD PLUMMER
"TURNER, DONNIE O",S,CA,DEM,CHALLENGER,DONNIE TURNER
"ZIESING, MICHAEL VINCENT",S,CA,MPA/IND,CHALLENGER,MICHAEL ZIESING
"HODGE, CHARLES JUNIOR",S,CA,MPA/IND,CHALLENGER,CHARLES HODGE
"EISEN, MICHAEL DR",S,CA,MPA/IND,CHALLENGER,MICHAEL EISEN
"REID, DERRICK MICHAEL",S,CA,MPA/IND,CHALLENGER,DERRICK REID
"OLSON, LEE W",S,CA,MPA/IND,CHALLENGER,LEE OLSON
"GILDERSLEEVE, TIM",S,CA,MPA/IND,CHALLENGER,TIM GILDERSLEEVE
"FERNALD, COLLEEN",S,CA,MPA/IND,CHALLENGER,COLLEEN FERNALD
"HANANIA, JASON",S,CA,MPA/IND,CHALLENGER,JASON HANANIA
"SHI, LING LING",S,CA,MPA/IND,CHALLENGER,LING SHI
"GHOSH, RASH BIHARI",S,CA,MPA/IND,CHALLENGER,RASH GHOSH
"MOORE, DAVID",S,CA,MPA/IND,CHALLENGER,DAVID MOORE
"GIRGIS, MICHAEL FAHMY",S,CA,MPA/IND,CHALLENGER,MICHAEL GIRGIS
"GRUNDMANN, DON J.",S,CA,MPA/IND,CHALLENGER,DON GRUNDMANN
"PARKER, JOHN",S,CA,MPA/IND,CHALLENGER,JOHN PARKER
"CARROLL, JERRY LEON",S,CA,MPA/IND,CHALLENGER,JERRY CARROLL
"ROBERTS, CLIFTON",S,CA,MPA/IND,CHALLENGER,CLIFTON ROBERTS
"LE, DIEN MR",S,CA,MPA/IND,,DIEN LE
"SCHRADER, STEPHEN JAMES",S,CA,REP,CHALLENGER,STEPHEN SCHRADER
"LANCONA, CAREN DIANNA",S,CA,REP,CHALLENGER,CAREN LANCONA
"TAYLOR, PAUL ALLEN MR",S,CA,REP,CHALLENGER,PAUL TAYLOR
"ADAMS, DONALD R",S,CA,REP,CHALLENGER,DONALD ADAMS
"LITTLE, PATRICK",S,CA,REP,CHALLENGER,PATRICK LITTLE
"DE LA FUENTE, ROQUE ROCKY",S,CA,REP,CHALLENGER,ROQUE DE LA FUENTE
"CRUZ, ERIN",S,CA,REP,CHALLENGER,ERIN CRUZ
"BHUMITRA, ARUN K",S,CA,REP,CHALLENGER,ARUN BHUMITRA
"KALEMKARIAN, TIMOTHY CHARLES",S,CA,REP,CHALLENGER,TIMOTHY KALEMKARIAN
"COSON, GARY LYNN",S,CA,REP,CHALLENGER,GARY COSON
"BRADLEY, JAMES PATRICK MR",S,CA,REP,CHALLENGER,JAMES BRADLEY
"NABLIBA, MARIO",S,CA,REP,CHALLENGER,MARIO NABLIBA
"LAWS, JERRY JOSEPH",S,CA,REP,CHALLENGER,JERRY LAWS
"PALZER, THOMAS EDWARD",S,CA,REP,CHALLENGER,THOMAS PALZER
"CREW, JOHN 'JACK'",S,CA,REP,CHALLENGER,JOHN CREW
"MOTTUS, KEVIN",S,CA,REP,CHALLENGER,KEVIN MOTTUS
"MEAD, RICHARD THOMAS",S,CA,MPA/IND,CHALLENGER,RICHARD MEAD
"ADAMS, ANN MARIE DR",S,CT,DEM,CHALLENGER,ANN ADAMS
"MURPHY, CHRISTOPHER S MR",S,CT,DEM,INCUMBENT,CHRISTOPHER MURPHY
"ELGIN, TJ",S,CT,MPA/IND,CHALLENGER,TJ ELGIN
"LINCK, FRED M",S,CT,MPA/IND,CHALLENGER,FRED LINCK
"RAPINI, DOMINIC",S,CT,REP,CHALLENGER,DOMINIC RAPINI
"VISCONTI, JOE",S,CT,REP,CHALLENGER,JOE VISCONTI
"COREY, MATTHEW MCKINNON",S,CT,REP,CHALLENGER,MATTHEW COREY
"BOOKER, TYKIEM",S,DE,DEM,CHALLENGER,TYKIEM BOOKER
"HARRIS, KERRI EVELYN",S,DE,DEM,CHALLENGER,KERRI HARRIS
"CARPER, THOMAS R",S,DE,DEM,INCUMBENT,THOMAS CARPER
"THEODOROPOULOS, DEMITRI GEORGE",S,DE,MPA/IND,CHALLENGER,DEMITRI THEODOROPOULOS
"FROST, NADINE",S,DE,MPA/IND,CHALLENGER,NADINE FROST
"ARLETT, ROB",S,DE,REP,CHALLENGER,ROB ARLETT
"BOYCE, CHUCK  JR",S,DE,REP,CHALLENGER,CHUCK BOYCE
"TRUONO, EUGENE (GENE) J JR",S,DE,REP,CHALLENGER,EUGENE TRUONO
"LYLES, TAMIKA",S,FL,DEM,CHALLENGER,TAMIKA LYLES
"WHITE, RANDY ALAN",S,FL,DEM,CHALLENGER,RANDY WHITE
"NELSON, BILL",S,FL,DEM,INCUMBENT,BILL NELSON
"THORNE, MARCIA ROBERTA",S,FL,MPA/IND,CHALLENGER,MARCIA THORNE
"SHOEMAKER, FRANKLIN ED",S,FL,MPA/IND,CHALLENGER,FRANKLIN SHOEMAKER
"TOLBERT, CHARLES FREDRICK",S,FL,MPA/IND,,CHARLES TOLBERT
"KNEPPER, HOWARD",S,FL,MPA/IND,,HOWARD KNEPPER
"WALLS-WINDHAUSER, ANGELA MARIE",S,FL,REP,CHALLENGER,ANGELA WALLS-WINDHAUSER
"INVICTUS, AUGUSTUS SOL",S,FL,REP,CHALLENGER,AUGUSTUS INVICTUS
"FULLER, VIRGINIA",S,FL,REP,CHALLENGER,VIRGINIA FULLER
"SCOTT, RICK",S,FL,REP,CHALLENGER,RICK SCOTT
"DE LA FUENTE, ROQUE 'ROCKY'",S,FL,REP,CHALLENGER,ROQUE DE LA FUENTE
"JONES, LATERESA ANN",S,FL,REP,CHALLENGER,LATERESA JONES
"WEEKS, DAVID KENNETH",S,FL,MPA/IND,CHALLENGER,DAVID WEEKS
"JANOWSKI, EDWARD JOHN JR",S,FL,MPA/IND,CHALLENGER,EDWARD JANOWSKI
"HIRONO, MAZIE K",S,HI,DEM,INCUMBENT,MAZIE HIRONO
"REYES, ARTURO PACHECO",S,HI,MPA/IND,CHALLENGER,ARTURO REYES
"ANDERSON, CONSUELO E",S,HI,REP,CHALLENGER,CONSUELO ANDERSON
"PIRKOWSKI, EDWARD (EDDIE)",S,HI,REP,CHALLENGER,EDWARD PIRKOWSKI
"WHITE, THOMAS EDWARD MR",S,HI,REP,CHALLENGER,THOMAS WHITE
"DUCKWORTH, TAMMY",S,IL,DEM,INCUMBENT,TAMMY DUCKWORTH
"DEL RIO, MARTIN",S,IN,DEM,CHALLENGER,MARTIN DEL RIO
"DONNELLY, JOSEPH S",S,IN,DEM,INCUMBENT,JOSEPH DONNELLY
"PIPER, JOHN PATRICK",S,IN,MPA/IND,CHALLENGER,JOHN PIPER
"ALTMAN, NATHAN J",S,IN,MPA/IND,CHALLENGER,NATHAN ALTMAN
"BRENTON, LUCY",S,IN,MPA/IND,CHALLENGER,LUCY BRENTON
"HENDERSON, TERRY O",S,IN,REP,CHALLENGER,TERRY HENDERSON
"STONE, KIEL RICHARD",S,IN,REP,CHALLENGER,KIEL STONE
"BRAUN, MIKE",S,IN,REP,CHALLENGER,MIKE BRAUN
"TAKAMI, ANDREW BENJAMIN",S,IN,REP,CHALLENGER,ANDREW TAKAMI
"MESSER, ALLEN LUCAS",S,IN,REP,CHALLENGER,ALLEN MESSER
"HORNING, ANDY",S,IN,REP,CHALLENGER,ANDY HORNING
"ROKITA, THEODORE EDWARD",S,IN,REP,CHALLENGER,THEODORE ROKITA
"HURT, MARK",S,IN,REP,CHALLENGER,MARK HURT
"STRAW, ANDREW U D",S,IN,MPA/IND,CHALLENGER,ANDREW STRAW
"WARREN, ELIZABETH",S,MA,DEM,INCUMBENT,ELIZABETH WARREN
"GALLO, LOUIS EDWARD",S,MA,MPA/IND,CHALLENGER,LOUIS GALLO
"DEVINE, JOHN P",S,MA,MPA/IND,CHALLENGER,JOHN DEVINE
"WATERS, ALLEN RODNEY",S,MA,MPA/IND,CHALLENGER,ALLEN WATERS
"AYYADURAI, SHIVA  DR",S,MA,MPA/IND,CHALLENGER,SHIVA AYYADURAI
"MITCHELL, DARIUS",S,MA,REP,CHALLENGER,DARIUS MITCHELL
"WELLMAN, HEIDI M",S,MA,REP,CHALLENGER,HEIDI WELLMAN
"KINGSTON, JOHN MR",S,MA,REP,CHALLENGER,JOHN KINGSTON
"DIEHL, GEOFF",S,MA,REP,CHALLENGER,GEOFF DIEHL
"LINDSTROM, BETH",S,MA,REP,CHALLENGER,BETH LINDSTROM
"MASON, MIA DANIELLE",S,MD,DEM,CHALLENGER,MIA MASON
"VAUGHN, RICHARD RIKKI",S,MD,DEM,CHALLENGER,RICHARD VAUGHN
"YOUNG, LIH",S,MD,DEM,CHALLENGER,LIH YOUNG
"WILSON, DEBBIE 'RICA'",S,MD,DEM,CHALLENGER,DEBBIE WILSON
"MANNING, CHELSEA ELIZABETH",S,MD,DEM,CHALLENGER,CHELSEA MANNING
"JETMIR, ERIK",S,MD,DEM,CHALLENGER,ERIK JETMIR
"MORGAN, MARCIA H.",S,MD,DEM,CHALLENGER,MARCIA MORGAN
"CARDIN, BENJAMIN L",S,MD,DEM,INCUMBENT,BENJAMIN CARDIN
"SEGAL, JEROME",S,MD,DEM,CHALLENGER,JEROME SEGAL
"GLADSTONE, STEVE",S,MD,MPA/IND,CHALLENGER,STEVE GLADSTONE
"SIMON, NEAL",S,MD,MPA/IND,CHALLENGER,NEAL SIMON
"VOHRA, ARVIN",S,MD,MPA/IND,CHALLENGER,ARVIN VOHRA
"FADDIS, CHARLES S",S,MD,REP,CHALLENGER,CHARLES FADDIS
"TAYLOR, BLAINE",S,MD,REP,CHALLENGER,BLAINE TAYLOR
"VAETH , BRIAN",S,MD,REP,CHALLENGER,BRIAN VAETH 
"CHAFFEE, CHRIS",S,MD,REP,CHALLENGER,CHRIS CHAFFEE
"GRAZIANI, JOHN R",S,MD,REP,CHALLENGER,JOHN GRAZIANI
"CRONHARDT, EVAN M.",S,MD,REP,CHALLENGER,EVAN CRONHARDT
"KREHNBRINK, BILL",S,MD,REP,CHALLENGER,BILL KREHNBRINK
"SMITH, GERALD I. JR",S,MD,REP,CHALLENGER,GERALD SMITH
"EZE, NNABU",S,MD,REP,CHALLENGER,NNABU EZE
"HOWARD, ALBERT BINYAHMIN",S,MD,REP,CHALLENGER,ALBERT HOWARD
"CAMPBELL, ANTONO WADE",S,MD,REP,CHALLENGER,ANTONO CAMPBELL
"GRIGORIAN, CHRISTINA",S,MD,REP,CHALLENGER,CHRISTINA GRIGORIAN
"RINGELSTEIN, ZACKARY (ZAK)",S,ME,DEM,CHALLENGER,ZACKARY RINGELSTEIN
"HAMMER, ALEX",S,ME,MPA/IND,CHALLENGER,ALEX HAMMER
"KING, ANGUS STANLEY JR",S,ME,MPA/IND,INCUMBENT,ANGUS KING
"LINN, MAX",S,ME,REP,CHALLENGER,MAX LINN
"BRAKEY, ERIC",S,ME,REP,CHALLENGER,ERIC BRAKEY
"SMITH, CRAIG ALLEN",S,MI,DEM,CHALLENGER,CRAIG SMITH
"STABENOW, DEBBIE",S,MI,DEM,INCUMBENT,DEBBIE STABENOW
"BELLE, ANITA E",S,MI,MPA/IND,CHALLENGER,ANITA BELLE
"WILLIS, VALERIE LEE",S,MI,MPA/IND,CHALLENGER,VALERIE WILLIS
"ELLISON, BRIAN JAMES",S,MI,MPA/IND,CHALLENGER,BRIAN ELLISON
"WEEKS, JAMES",S,MI,MPA/IND,CHALLENGER,JAMES WEEKS
"JAMES, JOHN",S,MI,REP,CHALLENGER,JOHN JAMES
"CARR, BOB",S,MI,REP,CHALLENGER,BOB CARR
"YOUNG, BOB",S,MI,REP,CHALLENGER,BOB YOUNG
"PENSLER, SANDY",S,MI,REP,CHALLENGER,SANDY PENSLER
"LEONARD, NICK",S,MN,DEM,CHALLENGER,NICK LEONARD
"CARLSON, STEPHEN WAYNE",S,MN,DEM,CHALLENGER,STEPHEN CARLSON
"ALI, ALI CHEHEM",S,MN,DEM,CHALLENGER,ALI ALI
"SMITH, TINA FLINT",S,MN,DEM,INCUMBENT,TINA SMITH
"EMERY, STEPHEN ALLEN",S,MN,DEM,CHALLENGER,STEPHEN EMERY
"KLOBUCHAR, AMY",S,MN,DEM,INCUMBENT,AMY KLOBUCHAR
"PAINTER, RICHARD",S,MN,MPA/IND,CHALLENGER,RICHARD PAINTER
"IVERSON, GREGG A",S,MN,MPA/IND,,GREGG IVERSON
"RICHARDS, LEONARD",S,MN,MPA/IND,CHALLENGER,LEONARD RICHARDS
"TROOIEN, JERRY",S,MN,MPA/IND,CHALLENGER,JERRY TROOIEN
"ANDERSON, BOB",S,MN,REP,CHALLENGER,BOB ANDERSON
"HYATT, FOREST W",S,MN,REP,CHALLENGER,FOREST HYATT
"CHAMBERLIN, CHRISTOPHER, WILLIAM MR",S,MN,REP,CHALLENGER,"CHRISTOPHER, CHAMBERLIN"
"SHUDLICK, HAROLD A",S,MN,REP,CHALLENGER,HAROLD SHUDLICK
"BARNHEISER, ROBERT BRUCE",S,MN,REP,CHALLENGER,ROBERT BARNHEISER
"NEWBERGER, JAMES WALLACE",S,MN,REP,CHALLENGER,JAMES NEWBERGER
"ANDERSON, MERRILL",S,MN,REP,CHALLENGER,MERRILL ANDERSON
"ANDERSON, RAE HART",S,MN,REP,CHALLENGER,RAE ANDERSON
"BEY, NIKOLAY N",S,MN,REP,CHALLENGER,NIKOLAY BEY
"HOUSLEY, KARIN",S,MN,REP,CHALLENGER,KARIN HOUSLEY
"EARL, ANGELICA",S,MO,DEM,CHALLENGER,ANGELICA EARL
"FAUST, DAVID",S,MO,DEM,CHALLENGER,DAVID FAUST
"GONZALEZ, TRAVIS",S,MO,DEM,CHALLENGER,TRAVIS GONZALEZ
"HOGAN, JOHN",S,MO,DEM,CHALLENGER,JOHN HOGAN
"STEINMAN, LEONARD JOSEPH II",S,MO,DEM,CHALLENGER,LEONARD STEINMAN
"WRIGHT, CARLA (COFFEE)",S,MO,DEM,CHALLENGER,CARLA WRIGHT
"MCCASKILL, CLAIRE",S,MO,DEM,INCUMBENT,CLAIRE MCCASKILL
"BAUER, JEROME",S,MO,MPA/IND,CHALLENGER,JEROME BAUER
"CRAIN, JO",S,MO,MPA/IND,CHALLENGER,JO CRAIN
"O''DEAR, CRAIG S",S,MO,MPA/IND,CHALLENGER,CRAIG O''DEAR
"CAMPBELL, JAPHETH RAY",S,MO,MPA/IND,CHALLENGER,JAPHETH CAMPBELL
"SYKES, B COURTLAND",S,MO,REP,CHALLENGER,B SYKES
"LOMBARDI-OLIVE, CAMILLE",S,MO,REP,CHALLENGER,CAMILLE LOMBARDI-OLIVE
"MONETTI, RAFFAELE ANTONIO",S,MO,REP,CHALLENGER,RAFFAELE MONETTI
"AKIN, W TODD",S,MO,REP,CHALLENGER,W AKIN
"KREMBS, BRADLEY STEWART",S,MO,REP,CHALLENGER,BRADLEY KREMBS
"NICHOLS, KRISTI",S,MO,REP,CHALLENGER,KRISTI NICHOLS
"RYMAN, FRED",S,MO,REP,CHALLENGER,FRED RYMAN
"HAGG, BRIAN G",S,MO,REP,CHALLENGER,BRIAN HAGG
"PATTERSON, KEN",S,MO,REP,CHALLENGER,KEN PATTERSON
"PFEIFER, PETER",S,MO,REP,CHALLENGER,PETER PFEIFER
"HAWLEY, JOSHUA DAVID",S,MO,REP,CHALLENGER,JOSHUA HAWLEY
"PETERSEN, AUSTIN",S,MO,REP,CHALLENGER,AUSTIN PETERSEN
"SMITH, CHRISTINA",S,MO,REP,CHALLENGER,CHRISTINA SMITH
"GARLAND, JAMES JERONE",S,MS,DEM,OPEN,JAMES GARLAND
"BARTEE, TOBEY BERNARD",S,MS,DEM,OPEN,TOBEY BARTEE
"SHERMAN, HOWARD",S,MS,DEM,CHALLENGER,HOWARD SHERMAN
"BARIA, DAVID WAYNE",S,MS,DEM,OPEN,DAVID BARIA
"BOHREN, JENSEN MR",S,MS,DEM,CHALLENGER,JENSEN BOHREN
"MAURICE, VICTOR G.",S,MS,DEM,OPEN,VICTOR MAURICE
"ESPY, ALPHONSO MICHAEL",S,MS,DEM,OPEN,ALPHONSO ESPY
"SCOTT, OMERIA LANE",S,MS,DEM,CHALLENGER,OMERIA SCOTT
"BEDWELL, DANNY",S,MS,MPA/IND,OPEN,DANNY BEDWELL
"SHELTON, JASON",S,MS,MPA/IND,OPEN,JASON SHELTON
"O'HARA, SHAWN",S,MS,MPA/IND,CHALLENGER,SHAWN O'HARA
"BOYANTON, RICHARD WARREN",S,MS,REP,CHALLENGER,RICHARD BOYANTON
"WICKER, ROGER F",S,MS,REP,INCUMBENT,ROGER WICKER
"HYDE-SMITH, CINDY",S,MS,REP,OPEN,CINDY HYDE-SMITH
"MCDANIEL, CHRISTOPHER BRIAN",S,MS,REP,OPEN,CHRISTOPHER MCDANIEL
"DEAN, SARAH ALEXIS",S,MT,DEM,CHALLENGER,SARAH DEAN
"STRANDBERG, GREG",S,MT,DEM,CHALLENGER,GREG STRANDBERG
"TESTER, JON",S,MT,DEM,INCUMBENT,JON TESTER
"KELLY, STEVE",S,MT,MPA/IND,CHALLENGER,STEVE KELLY
"ADAMS, TIMOTHY",S,MT,MPA/IND,CHALLENGER,TIMOTHY ADAMS
"BRECKENRIDGE, RICK",S,MT,MPA/IND,CHALLENGER,RICK BRECKENRIDGE
"MURRAY, RONALD",S,MT,REP,CHALLENGER,RONALD MURRAY
"DEAN, WILLIAM JAMES",S,MT,REP,CHALLENGER,WILLIAM DEAN
"OLSZEWSKI, ALBERT DAVID",S,MT,REP,CHALLENGER,ALBERT OLSZEWSKI
"ROSENDALE, MATT",S,MT,REP,CHALLENGER,MATT ROSENDALE
"FAGG, RUSSELL C",S,MT,REP,CHALLENGER,RUSSELL FAGG
"DOWNING, TROY",S,MT,REP,CHALLENGER,TROY DOWNING
"STRICKLAND, TIMMY WAYNE MR",S,NC,MPA/IND,CHALLENGER,TIMMY STRICKLAND
"ABRAMS, MARCIA KAREN DR PHD",S,NC,REP,CHALLENGER,MARCIA ABRAMS
"PEYER, DUSTIN DAVID",S,ND,DEM,CHALLENGER,DUSTIN PEYER
"HEITKAMP, HEIDI",S,ND,DEM,INCUMBENT,HEIDI HEITKAMP
"CRAMER, KEVIN",S,ND,REP,CHALLENGER,KEVIN CRAMER
"SCHAFFNER, PAUL",S,ND,REP,CHALLENGER,PAUL SCHAFFNER
"O''NEILL, THOMAS E.",S,ND,REP,CHALLENGER,THOMAS O''NEILL
"CAMPBELL, TOM",S,ND,REP,CHALLENGER,TOM CAMPBELL
"SVOBODA, FRANK B",S,NE,DEM,CHALLENGER,FRANK SVOBODA
"JANICEK, CHRIS EDWARD MR",S,NE,DEM,CHALLENGER,CHRIS JANICEK
"MARVIN, LARRY",S,NE,DEM,CHALLENGER,LARRY MARVIN
"RAYBOULD, JANE MICHELE",S,NE,DEM,CHALLENGER,JANE RAYBOULD
"SCHULTZ, JIM",S,NE,MPA/IND,CHALLENGER,JIM SCHULTZ
"WATSON, TODD",S,NE,REP,CHALLENGER,TODD WATSON
"HEIDEL, JACK",S,NE,REP,CHALLENGER,JACK HEIDEL
"MACEK, DENNIS FRANK",S,NE,REP,CHALLENGER,DENNIS MACEK
"FISCHER, DEBRA S",S,NE,REP,INCUMBENT,DEBRA FISCHER
"STEIN, JEFFREY LYNN",S,NE,REP,CHALLENGER,JEFFREY STEIN
"KABIR, MOHAMMAD SHAHJAHAN",S,NJ,DEM,CHALLENGER,MOHAMMAD KABIR
"MCCORMICK, LISA A",S,NJ,DEM,CHALLENGER,LISA MCCORMICK
"HORN, MITCHELL",S,NJ,DEM,CHALLENGER,MITCHELL HORN
"MENENDEZ, ROBERT",S,NJ,DEM,INCUMBENT,ROBERT MENENDEZ
"HOPKINS, MICHAEL STARR",S,NJ,DEM,CHALLENGER,MICHAEL HOPKINS
"USMAN, MUHAMMAD",S,NJ,MPA/IND,CHALLENGER,MUHAMMAD USMAN
"FLANAGAN, PATRICIA",S,NJ,MPA/IND,CHALLENGER,PATRICIA FLANAGAN
"RIVERA, NATALIE LYNN",S,NJ,MPA/IND,CHALLENGER,NATALIE RIVERA
"SABRIN, MURRAY",S,NJ,MPA/IND,CHALLENGER,MURRAY SABRIN
"SINGH, HIRSH",S,NJ,REP,CHALLENGER,HIRSH SINGH
"WATSON, JERRY B",S,NJ,REP,CHALLENGER,JERRY WATSON
"BELL, JEFFREY",S,NJ,REP,CHALLENGER,JEFFREY BELL
"WEFER, DANA LAUREN",S,NJ,REP,CHALLENGER,DANA WEFER
"GOLDBERG, BRIAN DAVID MR",S,NJ,REP,CHALLENGER,BRIAN GOLDBERG
"HUGIN, ROBERT",S,NJ,REP,CHALLENGER,ROBERT HUGIN
"PEZZULLO, RICHARD J",S,NJ,REP,CHALLENGER,RICHARD PEZZULLO
"HEINRICH, MARTIN TREVOR",S,NM,DEM,INCUMBENT,MARTIN HEINRICH
"DUNN, AUBREY",S,NM,MPA/IND,CHALLENGER,AUBREY DUNN
"RICH, MICK",S,NM,REP,CHALLENGER,MICK RICH
"SBAIH, JESSE",S,NV,DEM,CHALLENGER,JESSE SBAIH
"CRADDOCK, JAY GREGORY",S,NV,DEM,CHALLENGER,JAY CRADDOCK
"MAHENDRA, SUJEET BOBBY NARENDRA",S,NV,DEM,CHALLENGER,SUJEET MAHENDRA
"RHEINHART, ALLEN",S,NV,DEM,CHALLENGER,ALLEN RHEINHART
"KNIGHT, DAVID DREW",S,NV,DEM,CHALLENGER,DAVID KNIGHT
"BURLEIGH, DANIEL REED",S,NV,DEM,CHALLENGER,DANIEL BURLEIGH
"ROSEN, JACKY",S,NV,DEM,CHALLENGER,JACKY ROSEN
"BAKARI, KAMAU A.",S,NV,MPA/IND,CHALLENGER,KAMAU BAKARI
"HAGAN, TIM",S,NV,MPA/IND,CHALLENGER,TIM HAGAN
"CHARLES, RICHARD",S,NV,MPA/IND,CHALLENGER,RICHARD CHARLES
"MICHAELS, BARRY",S,NV,MPA/IND,CHALLENGER,BARRY MICHAELS
"MEYERS, GARY ANTHONY MR",S,NV,REP,CHALLENGER,GARY MEYERS
"HECK, THOMAS",S,NV,REP,CHALLENGER,THOMAS HECK
"BROOKS, SHERRY",S,NV,REP,CHALLENGER,SHERRY BROOKS
"HELLER, DEAN",S,NV,REP,INCUMBENT,DEAN HELLER
"GAZALA, SARAH",S,NV,REP,CHALLENGER,SARAH GAZALA
"HARRELL, VIC",S,NV,REP,CHALLENGER,VIC HARRELL
"NOREN, SCOTT ANDREW",S,NY,DEM,CHALLENGER,SCOTT NOREN
"GILLIBRAND, KIRSTEN ELIZABETH",S,NY,DEM,INCUMBENT,KIRSTEN GILLIBRAND
"TEMURI, PRINCE MUHAMMAD, ALI, HH",S,NY,MPA/IND,,PRINCE TEMURI
"WEBBER, DAVID A",S,NY,MPA/IND,CHALLENGER,DAVID WEBBER
"HAHN, PATRICK JOHN",S,NY,REP,CHALLENGER,PATRICK HAHN
"HOLLAND, JOSEPH H",S,NY,REP,CHALLENGER,JOSEPH HOLLAND
"JONES, RAFAEL ARDEN SR",S,NY,REP,CHALLENGER,RAFAEL JONES
"FARLEY, CHELE CHIAVACCI",S,NY,REP,CHALLENGER,CHELE FARLEY
"BROWN, SHERROD",S,OH,DEM,INCUMBENT,SHERROD BROWN
"FARLEY, PHILENA IRENE",S,OH,MPA/IND,CHALLENGER,PHILENA FARLEY
"ECKHART, DON ELIJAH",S,OH,REP,CHALLENGER,DON ECKHART
"PINION, TIMOTHY A.",S,OH,REP,CHALLENGER,TIMOTHY PINION
"JONES, DENNIS M MR",S,OH,REP,CHALLENGER,DENNIS JONES
"ACKISON, MELISSA",S,OH,REP,CHALLENGER,MELISSA ACKISON
"RENACCI, JAMES B",S,OH,REP,CHALLENGER,JAMES RENACCI
"GIBBONS, MICHAEL",S,OH,REP,CHALLENGER,MICHAEL GIBBONS
"KILEY, DAN",S,OH,REP,CHALLENGER,DAN KILEY
"UHRIC, RAYMOND JOHN MR",S,PA,DEM,CHALLENGER,RAYMOND UHRIC
"CASEY, ROBERT P JR",S,PA,DEM,INCUMBENT,ROBERT CASEY
"GALE, NEAL",S,PA,MPA/IND,CHALLENGER,NEAL GALE
"KERNS JR, DALE RONALD",S,PA,MPA/IND,CHALLENGER,DALE KERNS JR
"SACCONE, RICK",S,PA,REP,CHALLENGER,RICK SACCONE
"BARTOS, JEFFREY A",S,PA,REP,CHALLENGER,JEFFREY BARTOS
"DELONG, PAUL FREDERICK",S,PA,REP,CHALLENGER,PAUL DELONG
"AYERS, CYNTHIA ELLEN",S,PA,REP,CHALLENGER,CYNTHIA AYERS
"SHECKTOR, ANDREW",S,PA,REP,CHALLENGER,ANDREW SHECKTOR
"VODVARKA, JOSEPH JOHN",S,PA,REP,CHALLENGER,JOSEPH VODVARKA
"LAWRENCE, ROBERT MR",S,PA,REP,CHALLENGER,ROBERT LAWRENCE
"ADDIS , PAUL DAVID MR",S,PA,REP,CHALLENGER,PAUL ADDIS 
"BARLETTA, LOU",S,PA,REP,CHALLENGER,LOU BARLETTA
"CHRISTIANA, JAMES JOSEPH III",S,PA,REP,CHALLENGER,JAMES CHRISTIANA
"PRESSMAN, JONATHAN",S,RI,DEM,CHALLENGER,JONATHAN PRESSMAN
"WHITEHOUSE, SHELDON II",S,RI,DEM,INCUMBENT,SHELDON WHITEHOUSE
"FLANDERS, ROBERT MR",S,RI,REP,CHALLENGER,ROBERT FLANDERS
"NARDOLILLO, ROBERT ANTHONY III",S,RI,REP,CHALLENGER,ROBERT NARDOLILLO
"BAILEY, BILLY",S,TN,DEM,OPEN,BILLY BAILEY
"BREDESEN, PHILIP",S,TN,DEM,OPEN,PHILIP BREDESEN
"MACKLER, JAMES",S,TN,DEM,OPEN,JAMES MACKLER
"WILLIAMS, LYNNETTE DR",S,TN,DEM,OPEN,LYNNETTE WILLIAMS
"DAVIS, GARY GENE",S,TN,DEM,OPEN,GARY DAVIS
"WOLFE, JOHN",S,TN,DEM,OPEN,JOHN WOLFE
"MCCANTS, KEVIN LEE",S,TN,MPA/IND,OPEN,KEVIN MCCANTS
"TODD, KRIS L",S,TN,MPA/IND,OPEN,KRIS TODD
"PHILLIPS, BARTHOLOMEW J",S,TN,MPA/IND,OPEN,BARTHOLOMEW PHILLIPS
"AUSTIN, TRUDY A",S,TN,MPA/IND,OPEN,TRUDY AUSTIN
"CARICO, JOHN",S,TN,MPA/IND,OPEN,JOHN CARICO
"HILL, DEAN",S,TN,MPA/IND,OPEN,DEAN HILL
"MANTANONA, NICHOLAS BRENT MR",S,TN,MPA/IND,OPEN,NICHOLAS MANTANONA
"TOYOS, ROLANDO",S,TN,REP,OPEN,ROLANDO TOYOS
"HUGHES, STEVEN DAVID MR",S,TN,REP,OPEN,STEVEN HUGHES
"FINCHER, STEPHEN",S,TN,REP,OPEN,STEPHEN FINCHER
"PETTIGREW, AARON L",S,TN,REP,OPEN,AARON PETTIGREW
"CRIM, LARRY R",S,TN,REP,OPEN,LARRY CRIM
"PHILLIPS, ROBERT BRETON",S,TN,REP,OPEN,ROBERT PHILLIPS
"BLACKBURN, MARSHA MRS",S,TN,REP,OPEN,MARSHA BLACKBURN
"HERNANDEZ, IRASEMA RAMIREZ",S,TX,DEM,CHALLENGER,IRASEMA HERNANDEZ
"WEBB, DUSTIN RAY",S,TX,DEM,CHALLENGER,DUSTIN WEBB
"MCALLEN, ROMAN JAMES ALFRED",S,TX,DEM,CHALLENGER,ROMAN MCALLEN
"KIMBROUGH, EDWARD WAYNE",S,TX,DEM,CHALLENGER,EDWARD KIMBROUGH
"O'ROURKE, ROBERT (BETO)",S,TX,DEM,CHALLENGER,ROBERT O'ROURKE
"BIBLE, CARL ALEXANDER",S,TX,MPA/IND,CHALLENGER,CARL BIBLE
"JENKINS, JONATHAN",S,TX,MPA/IND,CHALLENGER,JONATHAN JENKINS
"NEWSOM, SHANE D.",S,TX,MPA/IND,CHALLENGER,SHANE NEWSOM
"GANJOO, SHALESH",S,TX,MPA/IND,CHALLENGER,SHALESH GANJOO
"GRAY, PHIL",S,TX,MPA/IND,CHALLENGER,PHIL GRAY
"MORRIS, RICKY DEAN JR.",S,TX,MPA/IND,CHALLENGER,RICKY MORRIS
"DIKEMAN, NEAL MONROE",S,TX,MPA/IND,CHALLENGER,NEAL DIKEMAN
"DILLINGHAM, THOMAS WAYNE",S,TX,REP,CHALLENGER,THOMAS DILLINGHAM
"JACOBSON JR, BRUCE",S,TX,REP,CHALLENGER,BRUCE JACOBSON JR
"DE STEFANO, STEFANO",S,TX,REP,CHALLENGER,STEFANO DE STEFANO
"DAY, TIMOTHY (TEXAS SLIM)",S,TX,REP,CHALLENGER,TIMOTHY DAY
"CRUZ, RAFAEL EDWARD TED",S,TX,REP,INCUMBENT,RAFAEL CRUZ
"SAM, GERALDINE",S,TX,REP,CHALLENGER,GERALDINE SAM
"MILLER, MARY ANN",S,TX,REP,CHALLENGER,MARY MILLER
"SINGER, JAMES COURAGE",S,UT,DEM,OPEN,JAMES SINGER
"VICE, MITCHELL KENT",S,UT,DEM,OPEN,MITCHELL VICE
"DRANSFIELD, JEFF",S,UT,DEM,OPEN,JEFF DRANSFIELD
"LIVINGSTON, LARRY",S,UT,DEM,OPEN,LARRY LIVINGSTON
"DREW, DANNY",S,UT,DEM,OPEN,DANNY DREW
"WILSON, JENNY",S,UT,DEM,OPEN,JENNY WILSON
"MCCANDLESS, REED C.",S,UT,MPA/IND,OPEN,REED MCCANDLESS
"BOWDEN, CRAIG",S,UT,MPA/IND,OPEN,CRAIG BOWDEN
"AALDERS, TIMOTHY NOEL",S,UT,MPA/IND,OPEN,TIMOTHY AALDERS
"KENNEDY, MIKE",S,UT,REP,OPEN,MIKE KENNEDY
"MEYERS, LARRY MICHAEL",S,UT,REP,OPEN,LARRY MEYERS
"FRIEDBAUM, JEREMY",S,UT,REP,OPEN,JEREMY FRIEDBAUM
"BRUNSON, LOY",S,UT,REP,OPEN,LOY BRUNSON
"FONUA, STONEY",S,UT,REP,OPEN,STONEY FONUA
"COLVIN, ALICIA",S,UT,REP,OPEN,ALICIA COLVIN
"JENKINS, ABE LINCOLN BRIAN",S,UT,REP,OPEN,ABE JENKINS
"JENKINS, TORREY",S,UT,REP,OPEN,TORREY JENKINS
"JIMENEZ, TIMOTHY ADRIAN",S,UT,REP,OPEN,TIMOTHY JIMENEZ
"LEE, JOSHUA C.",S,UT,REP,OPEN,JOSHUA LEE
"PARKER, SAMUEL B.",S,UT,REP,OPEN,SAMUEL PARKER
"ROMNEY, MITT WILLARD MR",S,UT,REP,OPEN,MITT ROMNEY
"KAINE, TIMOTHY MICHAEL",S,VA,DEM,INCUMBENT,TIMOTHY KAINE
"YABUT, JOSHUA PHILIP",S,VA,MPA/IND,CHALLENGER,JOSHUA YABUT
"WATERS, MATT",S,VA,MPA/IND,CHALLENGER,MATT WATERS
"DIAZ, MINERVA DR",S,VA,REP,CHALLENGER,MINERVA DIAZ
"MIZUSAWA, BERT K",S,VA,REP,CHALLENGER,BERT MIZUSAWA
"JACKSON, EARL W SR",S,VA,REP,CHALLENGER,EARL JACKSON
"STEWART, COREY ALAN",S,VA,REP,CHALLENGER,COREY STEWART
"FREITAS, NICHOLAS JASON",S,VA,REP,CHALLENGER,NICHOLAS FREITAS
"RAIKLIN, IVAN ERIC",S,VA,REP,CHALLENGER,IVAN RAIKLIN
"ADELUOLA, FOLASADE",S,VT,DEM,CHALLENGER,FOLASADE ADELUOLA
"SVITAVSKY, JON",S,VT,DEM,CHALLENGER,JON SVITAVSKY
"SANDERS, BERNARD",S,VT,MPA/IND,INCUMBENT,BERNARD SANDERS
"PANNU, JASDEEP",S,VT,REP,CHALLENGER,JASDEEP PANNU
"PAIGE, H BROOKE",S,VT,REP,CHALLENGER,H PAIGE
"RIVERS, DON L MR",S,WA,DEM,CHALLENGER,DON RIVERS
"TANNEHILL, CLINT RONALD",S,WA,DEM,CHALLENGER,CLINT TANNEHILL
"SAID, MOHAMMAD H.",S,WA,DEM,CHALLENGER,MOHAMMAD SAID
"KALBERER, GEORGE H",S,WA,DEM,CHALLENGER,GEORGE KALBERER
"CANTWELL, MARIA",S,WA,DEM,INCUMBENT,MARIA CANTWELL
"DEAL, JAMES ROBERT 'JIMMIE'",S,WA,MPA/IND,CHALLENGER,JAMES DEAL
"STRIDER, DAVID LEE",S,WA,MPA/IND,CHALLENGER,DAVID STRIDER
"JACKSON, CHARLIE RICHARD",S,WA,MPA/IND,CHALLENGER,CHARLIE JACKSON
"BUTLER, JON",S,WA,MPA/IND,CHALLENGER,JON BUTLER
"FERGUSON, JENNIFER MRS",S,WA,MPA/IND,CHALLENGER,JENNIFER FERGUSON
"AMUNDSON, THOR",S,WA,MPA/IND,CHALLENGER,THOR AMUNDSON
"LUKE, MIKE",S,WA,MPA/IND,CHALLENGER,MIKE LUKE
"TSIMERMAN, ALEX",S,WA,MPA/IND,CHALLENGER,ALEX TSIMERMAN
"HOFFMAN, STEVE",S,WA,MPA/IND,CHALLENGER,STEVE HOFFMAN
"WRIGHT, SAM",S,WA,MPA/IND,CHALLENGER,SAM WRIGHT
"CHASE, BRAD",S,WA,MPA/IND,CHALLENGER,BRAD CHASE
"SWANK, KEITH R",S,WA,REP,CHALLENGER,KEITH SWANK
"BRYANT, DAVID R",S,WA,REP,CHALLENGER,DAVID BRYANT
"GIBSON, JOSEPH",S,WA,REP,CHALLENGER,JOSEPH GIBSON
"STOCKWELL, GLEN (STOCKY) R.",S,WA,REP,CHALLENGER,GLEN STOCKWELL
"NELSON, MICHAEL GOODSPACEGUY",S,WA,REP,CHALLENGER,MICHAEL NELSON
"HEINES, MATTHEW D",S,WA,REP,CHALLENGER,MATTHEW HEINES
"ORLINSKI, JOHN",S,WA,REP,CHALLENGER,JOHN ORLINSKI
"OWEN, TIM",S,WA,REP,CHALLENGER,TIM OWEN
"SMITH, RC",S,WA,REP,CHALLENGER,RC SMITH
"DE LA FUENTE, ROQUE 'ROCKY'",S,WA,REP,CHALLENGER,ROQUE DE LA FUENTE
"HAWKINS, MATT C",S,WA,REP,,MATT HAWKINS
"CODAY, ARTHUR JR MD",S,WA,REP,CHALLENGER,ARTHUR CODAY
"HUTCHISON, SUSAN",S,WA,REP,CHALLENGER,SUSAN HUTCHISON
"WALTERS, MARY JO",S,WI,DEM,CHALLENGER,MARY WALTERS
"BALDWIN, TAMMY",S,WI,DEM,INCUMBENT,TAMMY BALDWIN
"VUKMIR, LEAH",S,WI,REP,CHALLENGER,LEAH VUKMIR
"BARMAN, CHARLES EDWARD",S,WI,REP,CHALLENGER,CHARLES BARMAN
"JOHNSON, RONALD HAROLD",S,WI,REP,CHALLENGER,RONALD JOHNSON
"SCHIESS, JOHN T",S,WI,REP,CHALLENGER,JOHN SCHIESS
"LUCIA, GEORGE CAMPBELL",S,WI,REP,,GEORGE LUCIA
"JONES, GRIFFIN GILBERT",S,WI,REP,CHALLENGER,GRIFFIN JONES
"NICHOLSON, KEVIN",S,WI,REP,CHALLENGER,KEVIN NICHOLSON
"SWEARENGIN, PAULA JEAN",S,WV,DEM,CHALLENGER,PAULA SWEARENGIN
"MANCHIN III, JOE",S,WV,DEM,INCUMBENT,JOE MANCHIN III
"BLANKENSHIP, DON",S,WV,MPA/IND,CHALLENGER,DON BLANKENSHIP
"COPLEY, JIMMY DALE II",S,WV,REP,CHALLENGER,JIMMY COPLEY
"WILLIS, THOMAS EDWARD II",S,WV,REP,CHALLENGER,THOMAS WILLIS
"NEWBROUGH, JACK",S,WV,REP,CHALLENGER,JACK NEWBROUGH
"JENKINS, EVAN H",S,WV,REP,CHALLENGER,EVAN JENKINS
"MORRISEY, PATRICK MR",S,WV,REP,CHALLENGER,PATRICK MORRISEY
"TRAUNER, GARY",S,WY,DEM,CHALLENGER,GARY TRAUNER
"BARRASSO, JOHN A",S,WY,REP,INCUMBENT,JOHN BARRASSO
"HARDY, CHARLES E",S,WY,REP,CHALLENGER,CHARLES HARDY
"DODSON, DAVID",S,WY,REP,CHALLENGER,DAVID DODSON
